<TICKER>,<PER>,<DATE>,<TIME>,<OPEN>,<HIGH>,<LOW>,<CLOSE>,<VOL>
GAZP,D,20190801,000000,234.5400000,237.3400000,233.2900000,234.2800000,31.214.130
GAZP,D,20190802,000000,231.2000000,233.1700000,227.9100000,227.9100000,59.088.400
GAZP,D,20190805,000000,225.9800000,228.0000000,222.3000000,223.6100000,53.274.790
GAZP,D,20190806,000000,223.6200000,227.7800000,223.6200000,226.7600000,30.408.050
GAZP,D,20190807,000000,226.9200000,232.6700000,225.5000000,227.6700000,49.674.350
GAZP,D,20190808,000000,230.5600000,233.5400000,230.4300000,231.2100000,29.462.320
GAZP,D,20190809,000000,231.4500000,232.2600000,228.9100000,229.9600000,18.511.340
GAZP,D,20190812,000000,231.0100000,232.9700000,229.2900000,230.2400000,15.899.440
GAZP,D,20190813,000000,229.8100000,232.1600000,226.4600000,229.8700000,35.141.330
GAZP,D,20190814,000000,231.1000000,231.1900000,224.5800000,227.1000000,35.810.650
GAZP,D,20190815,000000,227.6500000,229.7000000,224.8900000,227.1500000,32.261.660
GAZP,D,20190816,000000,228.3500000,229.3800000,224.0800000,224.7100000,25.088.600
GAZP,D,20190819,000000,226.0000000,227.2000000,223.6500000,226.8000000,19.071.590
GAZP,D,20190820,000000,226.7900000,232.3200000,226.1500000,231.5400000,34.614.850
GAZP,D,20190821,000000,231.7200000,232.3200000,230.5000000,231.2200000,20.484.120
GAZP,D,20190822,000000,231.0000000,233.9800000,230.2100000,232.0600000,26.482.270
GAZP,D,20190823,000000,232.6800000,233.0400000,228.9300000,229.3500000,28.995.640
GAZP,D,20190826,000000,228.8000000,230.6000000,228.0500000,228.9000000,10.989.680
GAZP,D,20190827,000000,228.9200000,229.2800000,223.0000000,227.0000000,55.755.870
GAZP,D,20190828,000000,226.5200000,228.6400000,224.8800000,228.4800000,32.501.460
GAZP,D,20190829,000000,228.8700000,235.2500000,228.6700000,233.2000000,47.541.460
GAZP,D,20190830,000000,233.6700000,233.8500000,231.0700000,232.1500000,21.999.850
GAZP,D,20190902,000000,231.9300000,234.2200000,230.5000000,233.6700000,19.247.230
GAZP,D,20190903,000000,233.4000000,233.6000000,229.9600000,231.0200000,20.644.460
GAZP,D,20190904,000000,232.7000000,234.7800000,232.1800000,233.7100000,27.460.870
GAZP,D,20190905,000000,234.6400000,238.1700000,234.6400000,236.1800000,29.825.470
GAZP,D,20190906,000000,235.8000000,235.9700000,232.3800000,234.4900000,24.958.710
GAZP,D,20190909,000000,235.0100000,235.6200000,233.0000000,234.8500000,16.605.360
GAZP,D,20190910,000000,234.5000000,235.1000000,232.0200000,233.0000000,24.030.270
GAZP,D,20190911,000000,233.0300000,235.3800000,232.2000000,235.0700000,27.067.670
GAZP,D,20190912,000000,234.4000000,235.2800000,231.5100000,232.8800000,28.919.220
GAZP,D,20190913,000000,232.6000000,233.4100000,230.8000000,232.5000000,17.924.170
GAZP,D,20190916,000000,233.9200000,234.8800000,232.5700000,234.8800000,29.088.960
GAZP,D,20190917,000000,234.5900000,235.1700000,232.3600000,233.5800000,28.290.430
GAZP,D,20190918,000000,233.0000000,233.9600000,232.3000000,233.4600000,12.241.830
GAZP,D,20190919,000000,233.2000000,233.2800000,230.0600000,230.5200000,31.656.770
GAZP,D,20190920,000000,230.7500000,231.0000000,228.5000000,230.4100000,34.630.870
GAZP,D,20190923,000000,230.5100000,231.2500000,228.8700000,230.3600000,16.853.630
GAZP,D,20190924,000000,230.4000000,230.6800000,227.1900000,227.7000000,22.360.090
GAZP,D,20190925,000000,227.0500000,228.7000000,225.7600000,228.4300000,22.023.600
GAZP,D,20190926,000000,228.7400000,233.7000000,228.3100000,231.9700000,40.372.280
GAZP,D,20190927,000000,231.9500000,232.1400000,229.0100000,229.0100000,13.552.170
GAZP,D,20190930,000000,229.0300000,229.4600000,225.9000000,225.9000000,26.468.400
GAZP,D,20191001,000000,225.9900000,227.7000000,225.1700000,226.4900000,16.729.200
GAZP,D,20191002,000000,226.2000000,226.6500000,223.2500000,223.6000000,31.853.130
GAZP,D,20191003,000000,223.5500000,224.8900000,220.7900000,223.1000000,29.947.650
GAZP,D,20191004,000000,224.3000000,224.6500000,221.2400000,221.6600000,21.983.910
GAZP,D,20191007,000000,221.8600000,226.8100000,220.6800000,226.3600000,22.368.580
GAZP,D,20191008,000000,226.5500000,227.7000000,222.7100000,223.2000000,22.250.070
GAZP,D,20191009,000000,223.1000000,224.7100000,221.7200000,223.1800000,14.900.260
GAZP,D,20191010,000000,222.9900000,224.9300000,222.2700000,224.5000000,14.656.590
GAZP,D,20191011,000000,225.0100000,227.5000000,224.8200000,227.3700000,18.254.680
GAZP,D,20191014,000000,227.3800000,228.6100000,225.5000000,226.0000000,14.629.550
GAZP,D,20191015,000000,225.9900000,227.1500000,224.0600000,226.0000000,18.143.980
GAZP,D,20191016,000000,225.8500000,227.9000000,225.1100000,227.7000000,17.795.440
GAZP,D,20191017,000000,227.6600000,228.6000000,226.0000000,228.0000000,21.404.300
GAZP,D,20191018,000000,227.8800000,228.9000000,227.2000000,228.0000000,16.558.440
GAZP,D,20191021,000000,228.2400000,229.1100000,227.3100000,228.5400000,14.398.380
GAZP,D,20191022,000000,228.5900000,235.3600000,228.2800000,235.3600000,42.863.380
GAZP,D,20191023,000000,234.8600000,237.6700000,233.1600000,236.2000000,39.572.590
GAZP,D,20191024,000000,236.4600000,244.0000000,236.4600000,243.9400000,47.588.820
GAZP,D,20191025,000000,244.1700000,247.4000000,239.5000000,246.7100000,43.854.890
GAZP,D,20191028,000000,247.3400000,249.9600000,242.7000000,244.4000000,34.900.700
GAZP,D,20191029,000000,244.0300000,253.6900000,241.4000000,253.1000000,70.808.570
GAZP,D,20191030,000000,252.8500000,265.2600000,252.0100000,261.6000000,97.799.760
GAZP,D,20191031,000000,262.2900000,267.4000000,257.0000000,260.0000000,89.611.990
GAZP,D,20191101,000000,260.1100000,264.2800000,256.3500000,263.7900000,50.894.990
GAZP,D,20191105,000000,266.0200000,267.5300000,261.3100000,263.0000000,36.659.860
GAZP,D,20191106,000000,263.1100000,266.9800000,258.9100000,266.9800000,37.682.320
GAZP,D,20191107,000000,266.0100000,272.6800000,264.6600000,270.7400000,56.144.120
GAZP,D,20191108,000000,269.9000000,270.2000000,264.4500000,266.0000000,33.408.610
GAZP,D,20191111,000000,265.0000000,265.4500000,259.8000000,260.4000000,42.759.010
GAZP,D,20191112,000000,260.8200000,264.5700000,256.1300000,257.2500000,61.477.030
GAZP,D,20191113,000000,256.1100000,257.1900000,250.7900000,251.8000000,87.751.920
GAZP,D,20191114,000000,252.5500000,253.4600000,244.8000000,248.3400000,127.648.980
GAZP,D,20191115,000000,248.5000000,250.4700000,245.0000000,248.0100000,89.282.030
GAZP,D,20191118,000000,250.0100000,250.4000000,245.6200000,246.1500000,52.569.520
GAZP,D,20191119,000000,246.5000000,248.7000000,244.3200000,248.0100000,66.007.160
GAZP,D,20191120,000000,246.9400000,254.8900000,245.5800000,248.0000000,199.141.170
GAZP,D,20191121,000000,252.0000000,259.8000000,250.0100000,254.3500000,221.190.060
GAZP,D,20191122,000000,253.1200000,257.7200000,250.1300000,251.9900000,92.136.720
GAZP,D,20191125,000000,252.1200000,256.1700000,251.4600000,255.2000000,47.749.490
GAZP,D,20191126,000000,255.6000000,257.4100000,252.0100000,254.0000000,70.125.370
GAZP,D,20191127,000000,253.8000000,255.8500000,252.2500000,253.8900000,37.656.880
GAZP,D,20191128,000000,253.4800000,254.4300000,251.3500000,254.0000000,29.765.820
GAZP,D,20191129,000000,253.8900000,257.5400000,251.8600000,257.5400000,53.273.480
GAZP,D,20191202,000000,258.4500000,263.4000000,254.0500000,254.0500000,70.123.970
GAZP,D,20191203,000000,253.2000000,254.1400000,247.0900000,247.9300000,75.267.070
GAZP,D,20191204,000000,248.5000000,251.9600000,246.4000000,248.9300000,59.259.200
GAZP,D,20191205,000000,249.5000000,250.3000000,244.7700000,246.3600000,61.673.820
GAZP,D,20191206,000000,246.5000000,248.2500000,245.3900000,247.8300000,44.833.820
GAZP,D,20191209,000000,247.9800000,250.2200000,247.4000000,248.7000000,32.380.540
GAZP,D,20191210,000000,248.9000000,250.1500000,246.5000000,246.9000000,34.789.240
GAZP,D,20191211,000000,246.8400000,248.6900000,246.8400000,247.3400000,31.231.740
GAZP,D,20191212,000000,247.6400000,254.6600000,247.3500000,250.4800000,78.677.990
GAZP,D,20191213,000000,251.1100000,252.4800000,248.8000000,249.5000000,41.751.940
GAZP,D,20191216,000000,249.9000000,252.2200000,249.2000000,250.7800000,29.595.580
GAZP,D,20191217,000000,251.2400000,252.8600000,250.8000000,252.0500000,31.630.020
GAZP,D,20191218,000000,252.0000000,252.7100000,250.8500000,251.2900000,29.136.980
GAZP,D,20191219,000000,250.9500000,252.3000000,249.4000000,251.4000000,37.352.350
GAZP,D,20191220,000000,252.7100000,256.5800000,252.2200000,255.5000000,60.113.390
GAZP,D,20191223,000000,251.5000000,255.2000000,251.1100000,255.0000000,37.646.820
GAZP,D,20191224,000000,255.6000000,257.7100000,254.2600000,254.8700000,22.751.750
GAZP,D,20191225,000000,254.9000000,255.4900000,253.0200000,253.2500000,12.305.460
GAZP,D,20191226,000000,253.4500000,254.2400000,252.5000000,254.1000000,10.875.580
GAZP,D,20191227,000000,254.3300000,257.4900000,254.0000000,257.1100000,24.199.940
GAZP,D,20191230,000000,257.0900000,258.3000000,254.7100000,256.4000000,23.474.000
GAZP,D,20200103,000000,259.1000000,261.9000000,257.7700000,259.0000000,34.326.290
GAZP,D,20200106,000000,258.9100000,258.9600000,254.8000000,256.5500000,28.106.710
GAZP,D,20200108,000000,256.2500000,257.3200000,254.7700000,255.7900000,25.566.970
GAZP,D,20200109,000000,255.6600000,256.6800000,251.8200000,254.0700000,33.194.830
GAZP,D,20200110,000000,253.9900000,254.6000000,251.2000000,251.9000000,28.545.590
GAZP,D,20200113,000000,252.5000000,252.5000000,248.4000000,251.5000000,41.334.580
GAZP,D,20200114,000000,252.0000000,253.2000000,249.0000000,250.0000000,32.866.650
GAZP,D,20200115,000000,249.5000000,252.5000000,247.7500000,251.3000000,43.936.180
GAZP,D,20200116,000000,251.8700000,254.5400000,251.5000000,254.2600000,38.394.410
GAZP,D,20200117,000000,254.7600000,256.6000000,253.8000000,255.3900000,42.028.610
GAZP,D,20200120,000000,255.6500000,256.1000000,253.0100000,253.5000000,29.957.470
GAZP,D,20200121,000000,253.3700000,253.4000000,250.8800000,252.9900000,26.873.610
GAZP,D,20200122,000000,252.8100000,253.3900000,248.1000000,248.1000000,38.825.260
GAZP,D,20200123,000000,246.9000000,247.6600000,239.0100000,239.3000000,73.654.660
GAZP,D,20200124,000000,240.1200000,243.2500000,235.2800000,237.9500000,68.994.040
GAZP,D,20200127,000000,235.0100000,235.4000000,229.6500000,230.9600000,104.948.220
GAZP,D,20200128,000000,232.6100000,237.5900000,229.0000000,235.0000000,85.405.890
GAZP,D,20200129,000000,236.9000000,237.3600000,231.3000000,232.0000000,52.589.600
GAZP,D,20200130,000000,230.7000000,232.4900000,229.4500000,231.5300000,41.451.560
GAZP,D,20200131,000000,232.5300000,233.7900000,226.5700000,226.7000000,70.264.920
GAZP,D,20200203,000000,223.8100000,229.9800000,223.8000000,227.6400000,53.572.940
GAZP,D,20200204,000000,228.4700000,231.0800000,226.6500000,230.5000000,45.301.220
GAZP,D,20200205,000000,230.8900000,235.7300000,228.8000000,232.5600000,61.685.530
GAZP,D,20200206,000000,234.0400000,236.0000000,230.1500000,231.3800000,42.561.470
GAZP,D,20200207,000000,232.3800000,233.3900000,227.1400000,229.1100000,49.649.900
GAZP,D,20200210,000000,228.5800000,229.7500000,224.4100000,225.2000000,50.466.570
GAZP,D,20200211,000000,226.5600000,236.1800000,226.0100000,233.9000000,95.547.840
GAZP,D,20200212,000000,235.2000000,239.8000000,234.5600000,238.0300000,83.138.320
GAZP,D,20200213,000000,236.9000000,237.9800000,233.5500000,233.5500000,41.949.600
GAZP,D,20200214,000000,233.7900000,235.4000000,230.9100000,232.5000000,34.339.380
GAZP,D,20200217,000000,233.4000000,234.5600000,231.9100000,233.7500000,20.525.270
GAZP,D,20200218,000000,232.9700000,233.2800000,229.8000000,230.5000000,30.822.280
GAZP,D,20200219,000000,231.8400000,233.5000000,230.7100000,231.9000000,24.383.830
GAZP,D,20200220,000000,232.5500000,235.7500000,232.0000000,234.6000000,33.547.100
GAZP,D,20200221,000000,233.2000000,233.7700000,231.6100000,232.0000000,29.613.730
GAZP,D,20200225,000000,227.9900000,230.0600000,224.6800000,224.6800000,51.889.790
GAZP,D,20200226,000000,223.3200000,225.4700000,220.8100000,224.7600000,63.577.060
GAZP,D,20200227,000000,220.9900000,223.4000000,216.8000000,217.5000000,82.610.580
GAZP,D,20200228,000000,210.0000000,211.9700000,200.5700000,202.6500000,168.877.890
GAZP,D,20200302,000000,207.9900000,211.9900000,195.5100000,198.7800000,151.413.660
GAZP,D,20200303,000000,204.7800000,205.2700000,198.0000000,201.4800000,104.199.970
GAZP,D,20200304,000000,199.9000000,204.4200000,198.2800000,200.0000000,78.621.910
GAZP,D,20200305,000000,203.0000000,203.4300000,197.5000000,198.0000000,65.760.320
GAZP,D,20200306,000000,193.4900000,194.2300000,185.1300000,188.2700000,131.420.850
GAZP,D,20200310,000000,169.4500000,185.8400000,161.0100000,171.0000000,203.245.560
GAZP,D,20200311,000000,173.9800000,175.8700000,167.3900000,172.0300000,108.371.760
GAZP,D,20200312,000000,163.4000000,167.8000000,161.2000000,163.7300000,150.756.610
GAZP,D,20200313,000000,164.0800000,175.6900000,164.0200000,166.1000000,142.833.320
GAZP,D,20200316,000000,163.5600000,169.9900000,158.1700000,168.0700000,115.641.980
GAZP,D,20200317,000000,168.9600000,175.5000000,164.5600000,167.0000000,108.041.540
GAZP,D,20200318,000000,164.9000000,170.4500000,162.0000000,166.3400000,105.950.660
GAZP,D,20200319,000000,168.7700000,175.2000000,164.0500000,174.5600000,121.970.230
GAZP,D,20200320,000000,179.9800000,184.6900000,176.1000000,176.2600000,139.598.470
GAZP,D,20200323,000000,171.0300000,172.2800000,168.0400000,168.3500000,108.969.290
GAZP,D,20200324,000000,174.3600000,179.9900000,172.6100000,177.9500000,89.246.570
GAZP,D,20200325,000000,182.8000000,186.9000000,175.2600000,180.2000000,114.425.820
GAZP,D,20200326,000000,179.4500000,184.9000000,177.2800000,181.5000000,53.884.430
GAZP,D,20200327,000000,181.2000000,181.3700000,172.0000000,174.5000000,55.565.750
GAZP,D,20200330,000000,171.9900000,177.6300000,170.5000000,176.4400000,47.795.640
GAZP,D,20200331,000000,178.5000000,184.6400000,178.0100000,181.4100000,69.708.850
GAZP,D,20200401,000000,178.0500000,181.3800000,177.5000000,180.0600000,40.356.500
GAZP,D,20200402,000000,183.8000000,190.0000000,180.2500000,187.0400000,87.685.660
GAZP,D,20200403,000000,187.0300000,193.8500000,185.7200000,189.7700000,92.292.440
GAZP,D,20200406,000000,192.2500000,193.4400000,189.4400000,191.1000000,62.810.660
GAZP,D,20200407,000000,192.7200000,195.1300000,189.8000000,191.2200000,66.726.560
GAZP,D,20200408,000000,189.7500000,194.1100000,188.1000000,194.1100000,49.196.260
GAZP,D,20200409,000000,195.6900000,196.2600000,189.8800000,193.8600000,84.196.490
GAZP,D,20200410,000000,191.8600000,192.4400000,190.5100000,192.0000000,16.941.950
GAZP,D,20200413,000000,192.2500000,192.3600000,186.0700000,188.0700000,28.468.270
GAZP,D,20200414,000000,189.5700000,191.7600000,188.3000000,190.1100000,50.604.120
GAZP,D,20200415,000000,189.1600000,189.4800000,182.5600000,184.2500000,53.684.360
GAZP,D,20200416,000000,185.1500000,189.1600000,182.7500000,184.3000000,56.338.120
GAZP,D,20200417,000000,187.0700000,187.8700000,183.5400000,184.6800000,38.709.150
GAZP,D,20200420,000000,184.1100000,186.2500000,183.0000000,185.5100000,34.244.800
GAZP,D,20200421,000000,183.1700000,184.5000000,179.0500000,181.9200000,66.847.460
GAZP,D,20200422,000000,181.0900000,188.5500000,180.3300000,188.3600000,48.244.280
GAZP,D,20200423,000000,189.9800000,191.5900000,187.5000000,188.7300000,39.797.620
GAZP,D,20200424,000000,187.9400000,187.9500000,185.1000000,185.7100000,36.685.880
GAZP,D,20200427,000000,186.5300000,188.4700000,185.6900000,186.2900000,23.536.090
GAZP,D,20200428,000000,185.9300000,190.6500000,185.7600000,188.5000000,44.154.560
GAZP,D,20200429,000000,189.7800000,195.2300000,188.5300000,193.8700000,56.201.200
GAZP,D,20200430,000000,195.4400000,196.2000000,189.6200000,190.0000000,72.061.970
GAZP,D,20200504,000000,188.0000000,188.1700000,184.5200000,185.7000000,42.833.330
GAZP,D,20200505,000000,188.3900000,190.3900000,187.3000000,190.0000000,39.562.120
GAZP,D,20200506,000000,190.5300000,191.0500000,187.0500000,187.0500000,46.377.880
GAZP,D,20200507,000000,187.5200000,190.3000000,185.5000000,185.8500000,67.256.130
GAZP,D,20200508,000000,186.3400000,186.6400000,183.1000000,185.3400000,60.934.480
GAZP,D,20200512,000000,184.8800000,187.2000000,183.2000000,186.1700000,49.892.900
GAZP,D,20200513,000000,185.5500000,185.5500000,183.8000000,184.2000000,33.177.080
GAZP,D,20200514,000000,183.2700000,184.8500000,181.6800000,183.9100000,49.343.510
GAZP,D,20200515,000000,185.6200000,186.9800000,183.8500000,183.8500000,47.863.870
GAZP,D,20200518,000000,185.4000000,192.5000000,185.1400000,192.5000000,60.009.590
GAZP,D,20200519,000000,193.0000000,194.3900000,191.1000000,194.2000000,60.258.130
GAZP,D,20200520,000000,193.5700000,197.2700000,192.7900000,196.7400000,73.790.890
GAZP,D,20200521,000000,196.1000000,199.2600000,191.4000000,194.7400000,90.059.720
GAZP,D,20200522,000000,194.0000000,195.7600000,192.2100000,194.3500000,42.278.710
GAZP,D,20200525,000000,195.2100000,197.5500000,195.1100000,197.5500000,20.030.490
GAZP,D,20200526,000000,198.8000000,202.3000000,196.3000000,196.8600000,65.940.550
GAZP,D,20200527,000000,196.1000000,197.7500000,193.1500000,194.7300000,55.228.910
GAZP,D,20200528,000000,194.4000000,196.9800000,194.1700000,196.8600000,39.920.270
GAZP,D,20200529,000000,196.2500000,199.9500000,193.2000000,199.9500000,172.617.900
GAZP,D,20200601,000000,200.2500000,202.4700000,197.1500000,198.7200000,54.163.710
GAZP,D,20200602,000000,199.4800000,202.1900000,198.7200000,201.9700000,45.255.750
GAZP,D,20200603,000000,203.1000000,208.1500000,202.0100000,208.0000000,65.058.830
GAZP,D,20200604,000000,207.9900000,207.9900000,200.6000000,201.4600000,72.176.320
GAZP,D,20200605,000000,202.5600000,204.8400000,201.5100000,203.0500000,44.798.190
GAZP,D,20200608,000000,204.9500000,206.5000000,202.9700000,204.9100000,40.076.610
GAZP,D,20200609,000000,205.4100000,206.1000000,201.5700000,204.8400000,35.361.030
GAZP,D,20200610,000000,204.8800000,205.2700000,200.5300000,201.7500000,41.510.100
GAZP,D,20200611,000000,200.1900000,200.1900000,195.1500000,196.7400000,48.834.830
GAZP,D,20200615,000000,193.8500000,196.1500000,191.0000000,194.2000000,54.158.910
GAZP,D,20200616,000000,196.0600000,199.5900000,195.2000000,196.5900000,43.322.650
GAZP,D,20200617,000000,197.7200000,199.0800000,195.2100000,195.8600000,34.389.160
GAZP,D,20200618,000000,195.4400000,195.5700000,191.8500000,193.0000000,45.807.200
GAZP,D,20200619,000000,194.1700000,196.0700000,193.8200000,195.8100000,45.158.120
GAZP,D,20200622,000000,195.3500000,195.3500000,192.6200000,194.3000000,36.763.320
GAZP,D,20200623,000000,194.7800000,196.3200000,194.0000000,194.8300000,33.800.940
GAZP,D,20200625,000000,191.8000000,192.4800000,190.5500000,192.2500000,48.747.730
GAZP,D,20200626,000000,192.8000000,195.6900000,190.5100000,193.0000000,60.289.440
GAZP,D,20200629,000000,192.6700000,198.1000000,192.5800000,197.9400000,45.797.120
GAZP,D,20200630,000000,197.9000000,198.4800000,193.2400000,194.3100000,52.228.420
GAZP,D,20200702,000000,195.3100000,195.8400000,194.4000000,195.2800000,34.114.100
GAZP,D,20200703,000000,195.6500000,197.4800000,194.7700000,197.2000000,26.423.160
GAZP,D,20200706,000000,199.2100000,201.7500000,198.5300000,199.9900000,46.417.970
GAZP,D,20200707,000000,199.7000000,199.9400000,197.7500000,197.9600000,35.182.460
GAZP,D,20200708,000000,198.0000000,201.1900000,197.5500000,201.1700000,30.730.070
GAZP,D,20200709,000000,201.4800000,202.0000000,198.4000000,199.4400000,40.355.340
GAZP,D,20200710,000000,198.2500000,201.7000000,197.2200000,200.9400000,39.028.520
GAZP,D,20200713,000000,201.6000000,202.3300000,195.5000000,195.7000000,62.999.870
GAZP,D,20200714,000000,195.0900000,196.6500000,192.4800000,193.6000000,83.060.710
GAZP,D,20200715,000000,180.6000000,184.2700000,179.8000000,182.2600000,73.463.320
GAZP,D,20200716,000000,181.2000000,183.8000000,181.0700000,183.3200000,29.409.000
GAZP,D,20200717,000000,183.8000000,184.9300000,182.8700000,184.6500000,25.471.860
GAZP,D,20200720,000000,184.6700000,188.4100000,183.8800000,188.3600000,30.010.590
GAZP,D,20200721,000000,188.9900000,189.7700000,186.2500000,186.7800000,44.388.320
GAZP,D,20200722,000000,187.0300000,188.5900000,186.0700000,187.1500000,22.767.680
GAZP,D,20200723,000000,187.5000000,188.3000000,184.4000000,184.6900000,29.769.530
GAZP,D,20200724,000000,184.8300000,186.4500000,184.1200000,185.4500000,30.313.190
GAZP,D,20200727,000000,185.6000000,185.9200000,184.2000000,185.0300000,22.734.510
GAZP,D,20200728,000000,185.1300000,185.4600000,183.6000000,184.3000000,26.633.740
GAZP,D,20200729,000000,184.5000000,185.3500000,183.4200000,184.6900000,27.882.380
GAZP,D,20200730,000000,184.4400000,184.7300000,180.9100000,182.5200000,34.011.750
GAZP,D,20200731,000000,182.6000000,184.8400000,181.6100000,182.5900000,44.920.000
GAZP,D,20200803,000000,182.5100000,184.0300000,181.7200000,183.6000000,28.651.930
GAZP,D,20200804,000000,184.0600000,184.6800000,182.1700000,183.3100000,32.428.960
GAZP,D,20200805,000000,183.5200000,189.9800000,183.3500000,189.1500000,75.423.620
GAZP,D,20200806,000000,189.5600000,189.9200000,187.1300000,189.0700000,42.849.450
GAZP,D,20200807,000000,188.4400000,188.5700000,185.8100000,187.2300000,28.808.600
GAZP,D,20200810,000000,187.4900000,188.8500000,186.8300000,187.7000000,24.226.570
GAZP,D,20200811,000000,187.8800000,192.4000000,187.8800000,189.7000000,51.902.080
GAZP,D,20200812,000000,190.4700000,193.2900000,189.3200000,192.8000000,35.583.620
GAZP,D,20200813,000000,192.5000000,194.4400000,191.2500000,193.7600000,37.819.700
GAZP,D,20200814,000000,194.2500000,194.2500000,190.7100000,192.8300000,29.780.320
GAZP,D,20200817,000000,193.8400000,194.6800000,189.2000000,190.4700000,55.677.760
GAZP,D,20200818,000000,190.0700000,191.9500000,189.2500000,190.3000000,27.776.390
GAZP,D,20200819,000000,190.5000000,191.9900000,189.0000000,189.2600000,31.452.990
GAZP,D,20200820,000000,188.8000000,188.9400000,185.5800000,186.9500000,37.649.810
GAZP,D,20200821,000000,187.2500000,187.7900000,183.5000000,184.5100000,33.830.700
GAZP,D,20200824,000000,185.3700000,187.4400000,184.8400000,187.1000000,24.264.740
GAZP,D,20200825,000000,187.4500000,187.9900000,184.7300000,186.2500000,19.552.010
GAZP,D,20200826,000000,186.2200000,188.0000000,185.0000000,187.4800000,25.456.340
GAZP,D,20200827,000000,187.5000000,188.0100000,182.6200000,184.5800000,38.183.770
GAZP,D,20200828,000000,184.9600000,185.2200000,182.4800000,182.9000000,34.291.080
GAZP,D,20200831,000000,183.1200000,184.2800000,180.5100000,181.0100000,47.459.530
GAZP,D,20200901,000000,181.4000000,184.8700000,181.0100000,184.2200000,48.007.480
GAZP,D,20200902,000000,184.8000000,186.2900000,181.1000000,181.9500000,50.239.120
GAZP,D,20200903,000000,182.4000000,182.5900000,178.6000000,179.1300000,62.908.720
GAZP,D,20200904,000000,178.9800000,180.5600000,178.0000000,179.5500000,43.008.870
GAZP,D,20200907,000000,178.8200000,179.7500000,175.9400000,177.0400000,38.983.590
GAZP,D,20200908,000000,177.0000000,177.4300000,172.4000000,172.9500000,63.837.660
GAZP,D,20200909,000000,172.7800000,175.3500000,172.3300000,173.6900000,41.967.040
GAZP,D,20200910,000000,173.8000000,174.6400000,171.1100000,173.8000000,34.012.170
GAZP,D,20200911,000000,174.3300000,178.2700000,173.1000000,178.0500000,36.889.720
GAZP,D,20200914,000000,178.4500000,180.8000000,177.5200000,178.1900000,37.563.920
GAZP,D,20200915,000000,178.1300000,182.9500000,178.0100000,182.2200000,42.445.100
GAZP,D,20200916,000000,182.6900000,184.1600000,181.3500000,183.2600000,37.370.250
GAZP,D,20200917,000000,181.7800000,184.8400000,180.3400000,183.9000000,49.663.210
GAZP,D,20200918,000000,184.4000000,184.7000000,181.3400000,181.5200000,45.215.700
GAZP,D,20200921,000000,181.3600000,181.3600000,175.3600000,177.1700000,41.282.960
GAZP,D,20200922,000000,176.5800000,180.9000000,176.4200000,179.0000000,36.380.350
GAZP,D,20200923,000000,179.8100000,180.3700000,176.8100000,177.0000000,31.848.780
GAZP,D,20200924,000000,176.0000000,178.4900000,171.9000000,174.2300000,49.687.540
GAZP,D,20200925,000000,175.1200000,175.1700000,169.6000000,173.7700000,96.284.070
GAZP,D,20200928,000000,174.2400000,175.3800000,171.2900000,172.7400000,50.397.970
GAZP,D,20200929,000000,172.7600000,173.4700000,170.0000000,171.4400000,48.779.600
GAZP,D,20200930,000000,171.0200000,171.9800000,169.8000000,169.9700000,48.605.100
GAZP,D,20201001,000000,171.1800000,171.4000000,167.9700000,168.4000000,60.296.370
GAZP,D,20201002,000000,167.5000000,169.9500000,167.2200000,169.4700000,40.191.130
GAZP,D,20201005,000000,170.1200000,170.8800000,168.5800000,170.6400000,37.393.020
GAZP,D,20201006,000000,170.7000000,173.4100000,170.5000000,171.3500000,64.082.980
GAZP,D,20201007,000000,171.7500000,172.2600000,167.0400000,168.2300000,65.800.100
GAZP,D,20201008,000000,168.1800000,168.8600000,166.1500000,167.4300000,36.621.350
GAZP,D,20201009,000000,167.8000000,168.1900000,165.7700000,166.9700000,41.514.910
GAZP,D,20201012,000000,167.6600000,169.8000000,166.8700000,169.0500000,38.899.590
GAZP,D,20201013,000000,169.1300000,169.4700000,165.8200000,166.3700000,34.687.990
GAZP,D,20201014,000000,166.6100000,167.6300000,165.7100000,167.2400000,26.679.740
GAZP,D,20201015,000000,166.8500000,168.8500000,166.0000000,167.1600000,39.889.410
GAZP,D,20201016,000000,167.2200000,167.2500000,163.5600000,163.9800000,50.402.810
GAZP,D,20201019,000000,164.7600000,165.6000000,163.0000000,163.6000000,33.916.860
GAZP,D,20201020,000000,163.7400000,167.1200000,162.8000000,166.5300000,50.468.030
GAZP,D,20201021,000000,166.8000000,167.3000000,163.8700000,164.3700000,36.678.920
GAZP,D,20201022,000000,163.8500000,166.5300000,163.6600000,165.2700000,39.939.480
GAZP,D,20201023,000000,165.1500000,165.8800000,164.3900000,164.9600000,32.909.950
GAZP,D,20201026,000000,164.4400000,164.9600000,161.1000000,162.1700000,53.436.340
GAZP,D,20201027,000000,162.1800000,162.6200000,158.2100000,159.2100000,58.268.970
GAZP,D,20201028,000000,158.9800000,158.9900000,153.7000000,154.3000000,86.858.100
GAZP,D,20201029,000000,155.0800000,157.3000000,154.2000000,156.7400000,52.752.800
GAZP,D,20201030,000000,155.0900000,156.2000000,154.0800000,154.2800000,42.661.020
GAZP,D,20201102,000000,153.9600000,157.9800000,151.9000000,157.7400000,69.600.850
GAZP,D,20201103,000000,158.2100000,161.9200000,157.4400000,161.0900000,71.067.000
GAZP,D,20201105,000000,163.8100000,165.2500000,161.9900000,163.7000000,73.016.160
GAZP,D,20201106,000000,163.0000000,165.8400000,161.5200000,164.9200000,51.633.910
GAZP,D,20201109,000000,166.7200000,171.5000000,164.9000000,170.1300000,103.358.560
GAZP,D,20201110,000000,169.0300000,173.6400000,167.6300000,172.9200000,76.531.040
GAZP,D,20201111,000000,173.5000000,175.1500000,170.2600000,170.5300000,72.020.230
GAZP,D,20201112,000000,170.2000000,175.3000000,169.7500000,172.9100000,71.917.150
GAZP,D,20201113,000000,172.8800000,181.2700000,172.4200000,180.3000000,104.602.920
GAZP,D,20201116,000000,181.0200000,185.6200000,180.3000000,185.3200000,89.217.810
GAZP,D,20201117,000000,185.1000000,185.3100000,178.8300000,182.9000000,99.307.240
GAZP,D,20201118,000000,182.2600000,187.6900000,180.8000000,185.0000000,69.101.570
GAZP,D,20201119,000000,185.2000000,185.8800000,181.9200000,184.1600000,53.164.780
GAZP,D,20201120,000000,184.1000000,184.3600000,182.1000000,183.2100000,31.836.360
GAZP,D,20201123,000000,183.6400000,185.6300000,182.7700000,184.1500000,41.043.100
GAZP,D,20201124,000000,185.0300000,187.3000000,183.9700000,186.7600000,60.674.430
GAZP,D,20201125,000000,187.0100000,188.7600000,185.8500000,188.0300000,51.107.720
GAZP,D,20201126,000000,188.2500000,189.1000000,184.6000000,185.5200000,45.706.250
GAZP,D,20201127,000000,185.1300000,186.7500000,182.5600000,185.9000000,49.983.540
GAZP,D,20201130,000000,185.1000000,185.1400000,180.0400000,181.8900000,73.156.960
GAZP,D,20201201,000000,182.6000000,188.0900000,181.7800000,185.3400000,67.193.810
GAZP,D,20201202,000000,185.0000000,187.2400000,183.1200000,187.2200000,40.191.320
GAZP,D,20201203,000000,186.9800000,187.5800000,184.3700000,185.1200000,35.885.290
GAZP,D,20201204,000000,186.2000000,189.4200000,185.8500000,188.7900000,50.684.840
GAZP,D,20201207,000000,188.2200000,192.8500000,187.8000000,190.7600000,53.512.780
GAZP,D,20201208,000000,190.3400000,191.4500000,187.8000000,190.0000000,48.382.270
GAZP,D,20201209,000000,190.3000000,193.0900000,189.0500000,189.3500000,52.678.040
GAZP,D,20201210,000000,189.5500000,193.5100000,188.6700000,192.9500000,54.318.200
GAZP,D,20201211,000000,193.0500000,201.6300000,192.3100000,201.5000000,103.060.380
GAZP,D,20201214,000000,203.5000000,207.8500000,198.7800000,199.9100000,122.788.480
GAZP,D,20201215,000000,199.0100000,202.2900000,197.0500000,201.0000000,65.473.740
GAZP,D,20201216,000000,201.0100000,206.2000000,199.5400000,206.2000000,75.214.780
GAZP,D,20201217,000000,206.7000000,215.3800000,206.5100000,214.5200000,159.538.150
GAZP,D,20201218,000000,214.0000000,214.5000000,207.2200000,212.6900000,133.717.910
GAZP,D,20201221,000000,209.9100000,209.9900000,200.8000000,203.4600000,123.517.830
GAZP,D,20201222,000000,200.7400000,210.6800000,199.1900000,208.4000000,109.794.540
GAZP,D,20201223,000000,209.0000000,212.7800000,206.2000000,207.6300000,78.877.050
GAZP,D,20201224,000000,208.5400000,209.9600000,203.1500000,206.2400000,59.081.790
GAZP,D,20201225,000000,206.2000000,206.7300000,204.0100000,205.0300000,16.517.780
GAZP,D,20201228,000000,205.5300000,207.8600000,205.1500000,206.1100000,35.038.710
GAZP,D,20201229,000000,206.9500000,210.0000000,206.6100000,208.7500000,42.353.620
GAZP,D,20201230,000000,209.8800000,213.3800000,209.5000000,212.9800000,74.667.210
GAZP,D,20210104,000000,212.7100000,216.6300000,211.6400000,212.7100000,55.195.430
GAZP,D,20210105,000000,213.2000000,215.3800000,210.2200000,215.3200000,48.913.740
GAZP,D,20210106,000000,215.4800000,216.8000000,213.0700000,214.3800000,47.897.590
GAZP,D,20210108,000000,217.1400000,226.2400000,217.0000000,225.4900000,100.717.800
GAZP,D,20210111,000000,225.0500000,231.0000000,221.8100000,227.6000000,112.506.470
GAZP,D,20210112,000000,229.0000000,231.4400000,225.6600000,228.6900000,64.309.460
GAZP,D,20210113,000000,229.2900000,230.3500000,225.2000000,226.8000000,61.102.300
GAZP,D,20210114,000000,226.4900000,229.5700000,223.2000000,228.8600000,60.003.270
GAZP,D,20210115,000000,227.5000000,230.7000000,226.0000000,226.5000000,54.765.970
GAZP,D,20210118,000000,225.5500000,228.5000000,221.3400000,226.8800000,69.147.920
GAZP,D,20210119,000000,227.6600000,228.8500000,223.0000000,223.1500000,66.619.900
GAZP,D,20210120,000000,223.0000000,225.7800000,221.5500000,224.3000000,51.248.650
GAZP,D,20210121,000000,224.4000000,224.9600000,217.2200000,217.2800000,76.701.270
GAZP,D,20210122,000000,216.4500000,216.5000000,210.5000000,215.4900000,94.721.320
GAZP,D,20210125,000000,216.9000000,219.6600000,214.5300000,218.6800000,74.456.540
GAZP,D,20210126,000000,216.8000000,220.2900000,215.7100000,218.8000000,45.114.650
GAZP,D,20210127,000000,219.4900000,222.0000000,216.4400000,217.4000000,59.271.760
GAZP,D,20210128,000000,215.9100000,219.4900000,214.2600000,217.7000000,52.341.000
GAZP,D,20210129,000000,216.7500000,216.7500000,212.4700000,212.8300000,66.744.580
GAZP,D,20210201,000000,214.6100000,214.8700000,212.2400000,214.6600000,39.314.420
GAZP,D,20210202,000000,215.5000000,219.7400000,213.2500000,214.4200000,77.924.880
GAZP,D,20210203,000000,215.4100000,218.4200000,213.7900000,218.1000000,45.974.890
GAZP,D,20210204,000000,218.7100000,221.4000000,216.8800000,219.7900000,47.881.150
GAZP,D,20210205,000000,220.6800000,222.2100000,219.0000000,222.0100000,42.127.830
GAZP,D,20210208,000000,223.0600000,228.0000000,223.0000000,228.0000000,67.144.040
GAZP,D,20210209,000000,229.0000000,229.4900000,225.8000000,227.7300000,60.518.190
GAZP,D,20210210,000000,227.9800000,228.2900000,221.8000000,223.2400000,41.883.700
GAZP,D,20210211,000000,223.4500000,223.6700000,220.7300000,221.3500000,34.480.880
GAZP,D,20210212,000000,220.7800000,227.4700000,216.7700000,226.7100000,69.179.250
GAZP,D,20210215,000000,228.4900000,230.0000000,226.7000000,229.2200000,59.793.600
GAZP,D,20210216,000000,229.9500000,233.2200000,227.5700000,232.4600000,85.667.580
GAZP,D,20210217,000000,232.3200000,233.3500000,225.3300000,229.1400000,64.532.970
GAZP,D,20210218,000000,228.9800000,228.9800000,224.0100000,224.4700000,43.762.150
GAZP,D,20210219,000000,224.0200000,226.2600000,221.1000000,226.0000000,44.854.360
GAZP,D,20210220,000000,226.3500000,227.1000000,225.0000000,225.8400000,6.053.880
GAZP,D,20210222,000000,226.4900000,227.3000000,223.0400000,225.6300000,31.412.770
GAZP,D,20210224,000000,224.4200000,225.6400000,220.8500000,222.5500000,40.792.480
GAZP,D,20210225,000000,223.4700000,225.5000000,221.2200000,221.7000000,42.722.110
GAZP,D,20210226,000000,220.5600000,221.6800000,217.2000000,217.5600000,63.735.100
GAZP,D,20210301,000000,219.3400000,222.0100000,218.2500000,221.4700000,28.373.590
GAZP,D,20210302,000000,220.0000000,224.1100000,219.7600000,222.7400000,34.140.160
GAZP,D,20210303,000000,224.2000000,226.7900000,221.7000000,222.1500000,33.225.100
GAZP,D,20210304,000000,221.8800000,226.6900000,219.5000000,221.1400000,46.417.010
GAZP,D,20210305,000000,222.0500000,228.4200000,220.0200000,227.0000000,55.786.000
GAZP,D,20210309,000000,227.5100000,233.0700000,226.0500000,232.1000000,73.759.850
GAZP,D,20210310,000000,231.8300000,235.5000000,230.6600000,231.6900000,55.372.950
GAZP,D,20210311,000000,232.8300000,233.5300000,230.0700000,232.4700000,32.131.810
GAZP,D,20210312,000000,232.0100000,234.3900000,230.6000000,233.8000000,28.819.550
GAZP,D,20210315,000000,234.9800000,238.0900000,234.4600000,237.7900000,46.121.290
GAZP,D,20210316,000000,237.3000000,238.2300000,233.8000000,234.0200000,38.029.020
GAZP,D,20210317,000000,234.0000000,234.5600000,227.2100000,229.9000000,62.072.590
GAZP,D,20210318,000000,230.0500000,231.7900000,223.7000000,224.3500000,67.581.990
GAZP,D,20210319,000000,223.0500000,226.6400000,222.3700000,225.4000000,58.484.100
GAZP,D,20210322,000000,225.1400000,225.3400000,220.7900000,221.8800000,58.491.290
GAZP,D,20210323,000000,221.3500000,224.4400000,219.8100000,221.6200000,43.094.210
GAZP,D,20210324,000000,222.3900000,225.4500000,220.5300000,223.6500000,36.700.010
GAZP,D,20210325,000000,224.2000000,225.3800000,222.7000000,224.8400000,29.735.720
GAZP,D,20210326,000000,225.7400000,227.6000000,225.1300000,227.3000000,26.672.930
GAZP,D,20210329,000000,226.7900000,229.1500000,226.3100000,228.7400000,23.752.090
GAZP,D,20210330,000000,228.9500000,230.1000000,225.0400000,225.9300000,26.818.410
GAZP,D,20210331,000000,226.4000000,228.4000000,223.3200000,227.2400000,38.847.380
GAZP,D,20210401,000000,228.4300000,231.6700000,225.7500000,226.9400000,43.823.600
GAZP,D,20210402,000000,227.0000000,229.2000000,226.5400000,228.4000000,12.621.010
GAZP,D,20210405,000000,227.9000000,227.9200000,224.1300000,225.0600000,23.919.530
GAZP,D,20210406,000000,226.0100000,226.5500000,221.9100000,222.9500000,36.223.380
GAZP,D,20210407,000000,222.3100000,226.0100000,220.6800000,224.5100000,29.483.660
GAZP,D,20210408,000000,224.8400000,226.3000000,222.8800000,224.3000000,19.420.190
GAZP,D,20210409,000000,224.1700000,224.3000000,221.4800000,222.1500000,20.902.100
GAZP,D,20210412,000000,220.9500000,224.2500000,219.6000000,222.8700000,29.206.290
GAZP,D,20210413,000000,223.0200000,228.3300000,221.1000000,227.9900000,39.063.400
GAZP,D,20210414,000000,230.5800000,236.5800000,229.3100000,235.3200000,91.895.500
GAZP,D,20210415,000000,230.1000000,236.3900000,228.2300000,234.6300000,62.531.120
GAZP,D,20210416,000000,235.4900000,237.4500000,232.7000000,235.1000000,46.181.390
GAZP,D,20210419,000000,234.7400000,234.9000000,230.2800000,231.1700000,39.712.830
GAZP,D,20210420,000000,231.5800000,233.1700000,229.0000000,230.0000000,43.916.060
GAZP,D,20210421,000000,229.9300000,231.8000000,228.3700000,230.8400000,35.493.950
GAZP,D,20210422,000000,230.6800000,232.1500000,227.1400000,230.9300000,60.338.620
GAZP,D,20210423,000000,231.3000000,233.3000000,230.0000000,232.6200000,35.447.230
GAZP,D,20210426,000000,233.0200000,234.9100000,232.1600000,233.2300000,28.695.180
GAZP,D,20210427,000000,233.5000000,235.1400000,231.2100000,232.0000000,29.275.690
GAZP,D,20210428,000000,232.5500000,233.2400000,230.2000000,232.9600000,37.443.310
GAZP,D,20210429,000000,234.0800000,236.1800000,229.0000000,230.5100000,55.599.370
GAZP,D,20210430,000000,230.1100000,231.6000000,228.8600000,231.3800000,32.069.550
GAZP,D,20210504,000000,232.2000000,234.3000000,230.9600000,233.8000000,37.916.850
GAZP,D,20210505,000000,234.2100000,237.7700000,233.6900000,237.5000000,38.141.220
GAZP,D,20210506,000000,237.9000000,243.3200000,237.7500000,243.0000000,50.375.470
GAZP,D,20210507,000000,243.4900000,243.9900000,240.7800000,241.7000000,37.128.000
GAZP,D,20210510,000000,242.3500000,244.3000000,240.5200000,241.4100000,32.389.560
GAZP,D,20210511,000000,240.2000000,243.1700000,239.0500000,242.5000000,35.809.800
GAZP,D,20210512,000000,242.1100000,244.4200000,241.5600000,241.7900000,33.270.270
GAZP,D,20210513,000000,242.2500000,247.2900000,242.0500000,247.1600000,64.157.170
GAZP,D,20210514,000000,248.0000000,250.4000000,247.5300000,249.5500000,50.267.520
GAZP,D,20210517,000000,250.0000000,255.2500000,249.4500000,255.1500000,41.074.310
GAZP,D,20210518,000000,256.1100000,268.3800000,254.5400000,266.2200000,86.151.870
GAZP,D,20210519,000000,263.9000000,264.5000000,256.0000000,260.9000000,93.197.170
GAZP,D,20210520,000000,260.8000000,262.7800000,256.9000000,259.1600000,46.502.970
GAZP,D,20210521,000000,260.0400000,260.7000000,257.1200000,258.0000000,29.037.660
GAZP,D,20210524,000000,258.6900000,261.4700000,257.1200000,261.2400000,24.616.020
GAZP,D,20210525,000000,262.3300000,262.7200000,258.3100000,259.7900000,30.568.090
GAZP,D,20210526,000000,260.5200000,263.3300000,260.0100000,263.0900000,34.571.110
GAZP,D,20210527,000000,261.9800000,263.7500000,261.2200000,262.9600000,57.534.350
GAZP,D,20210528,000000,263.7900000,265.9300000,261.3500000,262.0000000,35.266.300
GAZP,D,20210531,000000,261.0000000,261.6000000,259.3000000,261.0300000,21.367.010
GAZP,D,20210601,000000,261.9700000,264.7600000,261.5800000,263.8600000,32.746.740
GAZP,D,20210602,000000,264.0500000,271.3600000,263.5500000,271.1500000,53.327.960
GAZP,D,20210603,000000,272.3300000,274.3000000,268.2000000,272.1000000,52.795.050
GAZP,D,20210604,000000,271.9200000,276.2200000,269.5800000,274.3000000,54.381.240
GAZP,D,20210607,000000,274.0500000,276.7000000,273.8500000,275.6700000,34.226.150
GAZP,D,20210608,000000,275.5000000,277.5800000,272.9100000,275.3600000,53.072.570
GAZP,D,20210609,000000,275.9300000,276.3900000,273.7600000,275.6500000,28.255.880
GAZP,D,20210610,000000,275.4000000,277.7700000,274.3200000,276.1000000,37.243.570
GAZP,D,20210611,000000,276.5800000,278.0000000,274.8500000,277.0500000,26.611.040
GAZP,D,20210614,000000,277.6200000,280.4500000,277.2200000,279.5000000,28.175.830
GAZP,D,20210615,000000,279.9200000,280.1400000,272.6300000,272.7200000,52.220.420
GAZP,D,20210616,000000,272.9900000,275.2300000,270.1200000,271.8000000,67.245.290
GAZP,D,20210617,000000,270.9000000,273.8900000,269.1000000,272.5000000,43.611.060
GAZP,D,20210618,000000,271.6100000,273.1800000,268.6500000,270.0600000,52.681.210
GAZP,D,20210621,000000,269.7700000,272.8600000,268.0900000,272.6200000,27.431.480
GAZP,D,20210622,000000,273.5200000,277.0000000,272.8900000,277.0000000,36.914.430
GAZP,D,20210623,000000,277.8900000,279.5600000,276.6700000,277.3500000,33.546.790
GAZP,D,20210624,000000,278.2000000,279.4700000,275.5000000,277.4700000,42.556.030
GAZP,D,20210625,000000,277.8000000,277.9200000,276.1200000,277.1900000,29.702.030
GAZP,D,20210628,000000,277.2300000,279.6100000,276.4300000,276.9900000,28.083.560
GAZP,D,20210629,000000,276.1200000,277.5000000,273.1700000,276.8000000,37.588.780
GAZP,D,20210630,000000,277.2800000,281.8200000,276.5000000,281.8000000,60.312.970
GAZP,D,20210701,000000,281.8800000,286.2500000,281.8800000,285.7400000,50.045.350
GAZP,D,20210702,000000,285.7000000,286.1900000,282.8000000,285.6500000,29.285.170
GAZP,D,20210705,000000,286.0000000,291.4900000,285.7800000,291.1000000,34.201.020
GAZP,D,20210706,000000,292.0000000,295.9700000,291.3400000,293.4500000,80.345.400
GAZP,D,20210707,000000,293.8500000,297.4800000,293.4700000,297.3900000,67.043.710
GAZP,D,20210708,000000,296.4500000,297.0000000,290.3300000,292.8600000,52.704.630
GAZP,D,20210709,000000,293.5100000,295.5800000,292.0000000,295.2200000,40.962.550
GAZP,D,20210712,000000,295.5300000,298.4800000,294.9000000,297.3900000,43.336.120
GAZP,D,20210713,000000,297.7700000,297.7700000,293.0000000,293.8300000,49.180.620
GAZP,D,20210714,000000,282.8800000,286.9300000,282.8800000,284.6000000,52.516.030
GAZP,D,20210715,000000,284.5800000,285.1100000,278.9600000,280.0100000,41.716.630
GAZP,D,20210716,000000,279.3800000,282.0000000,278.0000000,279.6500000,27.958.640
GAZP,D,20210719,000000,277.2600000,279.5100000,273.1500000,275.5100000,42.536.580
GAZP,D,20210720,000000,276.7900000,278.6800000,273.1000000,277.3000000,31.024.530
GAZP,D,20210721,000000,277.5400000,285.0100000,276.0000000,282.9000000,41.055.170
GAZP,D,20210722,000000,283.5000000,285.0900000,281.2100000,283.2800000,40.212.130
GAZP,D,20210723,000000,283.0800000,285.0000000,279.0500000,279.5100000,38.260.370
GAZP,D,20210726,000000,277.3700000,281.3700000,276.7000000,281.0500000,27.353.690
GAZP,D,20210727,000000,280.1900000,280.8300000,276.8400000,278.0800000,28.452.110
GAZP,D,20210728,000000,278.0500000,282.9800000,277.7000000,282.2000000,32.789.740
GAZP,D,20210729,000000,283.9700000,287.7500000,283.5800000,287.0000000,41.127.080
GAZP,D,20210730,000000,285.3700000,287.5800000,283.2800000,287.3500000,46.696.620
GAZP,D,20210802,000000,287.8800000,289.4800000,285.2100000,286.7500000,38.297.270
GAZP,D,20210803,000000,286.7700000,288.0500000,284.3400000,287.0900000,27.065.240
GAZP,D,20210804,000000,287.8900000,288.8000000,286.0000000,287.9400000,23.599.750
GAZP,D,20210805,000000,287.3100000,288.2800000,285.1600000,285.9500000,47.254.880
GAZP,D,20210806,000000,285.2600000,285.7200000,277.8700000,282.2700000,90.600.850
GAZP,D,20210809,000000,282.2300000,287.9000000,280.8000000,286.6800000,68.779.100
GAZP,D,20210810,000000,288.0000000,288.8000000,285.7000000,288.6100000,28.839.550
GAZP,D,20210811,000000,288.9200000,291.4900000,287.1200000,290.3500000,37.928.360
GAZP,D,20210812,000000,290.2500000,293.8100000,290.2500000,293.2300000,37.564.370
GAZP,D,20210813,000000,292.6500000,293.9000000,291.7500000,292.7000000,21.802.270
GAZP,D,20210816,000000,291.4700000,295.4800000,290.9500000,295.1000000,32.273.890
GAZP,D,20210817,000000,295.1300000,299.5000000,290.3200000,298.3200000,50.482.060
GAZP,D,20210818,000000,299.0000000,299.9500000,295.0000000,295.0500000,35.531.240
GAZP,D,20210819,000000,293.4900000,294.7200000,289.6800000,293.6800000,55.911.470
GAZP,D,20210820,000000,293.7900000,294.9000000,289.5000000,292.5700000,38.594.640
GAZP,D,20210823,000000,294.7000000,297.9400000,294.1000000,297.6900000,38.038.340
GAZP,D,20210824,000000,299.0000000,301.0000000,295.9500000,298.7000000,48.940.480
GAZP,D,20210825,000000,298.7100000,299.2000000,294.3700000,296.7000000,30.906.470
GAZP,D,20210826,000000,295.9200000,295.9700000,293.0400000,294.3400000,24.990.510
GAZP,D,20210827,000000,295.8100000,300.0000000,294.8100000,299.6600000,34.063.060
GAZP,D,20210830,000000,301.6600000,305.5000000,299.9700000,305.1700000,69.849.150
GAZP,D,20210831,000000,305.8300000,307.6700000,304.1000000,305.6500000,64.318.080
GAZP,D,20210901,000000,306.6000000,313.9500000,306.1900000,312.8900000,79.410.570
GAZP,D,20210902,000000,313.5900000,314.8000000,310.3000000,312.3000000,53.349.820
GAZP,D,20210903,000000,312.7000000,317.9600000,311.1600000,317.9400000,63.637.790
GAZP,D,20210906,000000,319.0000000,329.3500000,318.6000000,328.9300000,80.141.350
GAZP,D,20210907,000000,329.9500000,333.0000000,325.5000000,327.7300000,71.864.800
GAZP,D,20210908,000000,328.4900000,328.5000000,322.2200000,327.6000000,58.765.620
GAZP,D,20210909,000000,326.0000000,328.1400000,323.5000000,324.5700000,40.361.580
GAZP,D,20210910,000000,326.5500000,330.0000000,325.5000000,326.4300000,41.425.440
GAZP,D,20210913,000000,327.5200000,333.0000000,327.3000000,332.7500000,55.356.420
GAZP,D,20210914,000000,333.1300000,339.9200000,332.3600000,338.9800000,97.138.220
GAZP,D,20210915,000000,339.3900000,344.2000000,337.7200000,343.3400000,108.811.990
GAZP,D,20210916,000000,342.0000000,342.9900000,337.0300000,338.5000000,94.713.520
GAZP,D,20210917,000000,338.8300000,339.2900000,333.3000000,334.5000000,61.454.980
GAZP,D,20210920,000000,329.9700000,332.0000000,321.2600000,325.7000000,72.882.270
GAZP,D,20210921,000000,328.7000000,336.7800000,328.4400000,335.3000000,77.355.030
GAZP,D,20210922,000000,338.4000000,341.4900000,337.4000000,340.5900000,60.974.110
GAZP,D,20210923,000000,342.0000000,345.2000000,339.4300000,343.4700000,63.445.330
GAZP,D,20210924,000000,343.6700000,344.9000000,340.0000000,344.2900000,40.071.320
GAZP,D,20210927,000000,347.5200000,355.1900000,347.0000000,355.1900000,80.950.780
GAZP,D,20210928,000000,359.0000000,361.8000000,353.6800000,354.0700000,93.838.880
GAZP,D,20210929,000000,354.0500000,360.9400000,352.3000000,360.8800000,60.144.670
GAZP,D,20210930,000000,363.2600000,364.5300000,359.5300000,360.8000000,69.876.200
GAZP,D,20211001,000000,358.4500000,363.7800000,356.0000000,363.2500000,47.529.090
GAZP,D,20211004,000000,364.6700000,378.3300000,364.3000000,376.0600000,102.227.330
GAZP,D,20211005,000000,378.0600000,389.8200000,378.0300000,389.8200000,134.521.820
GAZP,D,20211006,000000,394.9800000,397.6400000,370.2500000,381.3000000,216.137.070
GAZP,D,20211007,000000,382.1800000,384.3000000,361.6100000,370.7000000,160.398.770
GAZP,D,20211008,000000,371.5000000,373.0000000,364.7700000,366.1700000,70.161.810
GAZP,D,20211011,000000,369.0000000,372.6100000,363.7000000,369.8100000,77.995.010
GAZP,D,20211012,000000,367.2600000,368.8500000,362.2500000,364.1000000,56.619.460
GAZP,D,20211013,000000,365.2400000,365.4400000,352.7100000,362.7700000,102.086.460
GAZP,D,20211014,000000,366.4000000,369.7000000,364.3500000,367.0000000,59.659.170
GAZP,D,20211015,000000,368.3100000,369.3500000,366.6100000,367.7600000,35.816.900
GAZP,D,20211018,000000,365.0100000,366.4500000,360.1500000,363.5000000,42.945.850
GAZP,D,20211019,000000,364.9800000,368.8300000,362.2400000,368.8300000,51.429.080
GAZP,D,20211020,000000,367.9000000,370.7500000,365.5000000,369.9700000,39.435.100
GAZP,D,20211021,000000,368.0000000,370.1900000,360.8800000,363.3700000,46.351.220
GAZP,D,20211022,000000,361.3800000,364.1900000,357.4800000,358.1200000,48.056.440
GAZP,D,20211025,000000,359.9900000,365.8400000,356.6900000,364.8400000,57.268.410
GAZP,D,20211026,000000,365.0400000,369.3300000,362.5400000,364.8200000,51.713.180
GAZP,D,20211027,000000,363.2700000,365.4900000,361.1800000,362.1700000,30.579.360
GAZP,D,20211028,000000,360.9600000,362.0200000,351.6200000,353.2100000,86.476.220
GAZP,D,20211029,000000,351.1000000,352.6000000,345.4000000,350.1800000,74.862.900
GAZP,D,20211101,000000,350.3000000,359.3000000,350.3000000,359.1000000,46.460.760
GAZP,D,20211102,000000,359.1600000,360.0000000,351.2400000,352.4800000,42.925.940
GAZP,D,20211103,000000,350.5500000,353.8600000,346.6200000,353.0200000,37.782.790
GAZP,D,20211105,000000,352.0000000,354.8000000,349.2300000,350.6000000,25.553.970
GAZP,D,20211108,000000,353.0000000,356.3400000,348.3400000,351.4700000,39.731.410
GAZP,D,20211109,000000,351.0600000,353.6100000,346.9900000,349.4600000,31.015.520
GAZP,D,20211110,000000,349.8700000,351.2500000,344.2000000,345.8000000,35.456.770
GAZP,D,20211111,000000,346.9400000,348.4300000,343.8000000,347.4400000,40.212.180
GAZP,D,20211112,000000,346.8400000,347.1500000,331.0000000,333.6000000,127.163.510
GAZP,D,20211115,000000,333.8100000,341.8100000,333.6700000,340.3000000,64.140.420
GAZP,D,20211116,000000,341.4800000,342.8500000,331.6100000,336.7900000,64.616.650
GAZP,D,20211117,000000,336.0000000,351.8200000,334.8300000,349.9800000,79.007.960
GAZP,D,20211118,000000,350.0500000,359.3200000,342.2800000,345.5600000,101.979.450
GAZP,D,20211119,000000,348.2700000,350.7300000,334.2000000,337.6200000,95.994.240
GAZP,D,20211122,000000,334.9900000,335.6800000,316.6600000,319.2000000,151.300.550
GAZP,D,20211123,000000,316.4500000,341.7700000,310.6200000,341.7700000,150.432.770
GAZP,D,20211124,000000,343.8700000,348.0000000,332.7500000,338.3000000,93.592.790
GAZP,D,20211125,000000,340.0000000,343.0000000,335.7000000,337.5500000,48.702.100
GAZP,D,20211126,000000,325.0000000,332.0000000,320.1000000,326.0000000,103.502.140
GAZP,D,20211129,000000,335.0000000,345.3300000,331.9600000,339.2000000,99.152.930
GAZP,D,20211130,000000,332.4800000,342.5500000,331.5000000,334.2400000,130.276.980
GAZP,D,20211201,000000,338.5700000,350.3700000,337.6100000,345.2100000,92.906.220
GAZP,D,20211202,000000,347.3000000,352.6700000,344.8000000,350.3000000,75.360.830
GAZP,D,20211203,000000,351.5000000,353.1300000,343.2100000,345.9900000,51.627.900
GAZP,D,20211206,000000,347.2700000,349.3600000,333.3500000,338.9400000,70.924.550
GAZP,D,20211207,000000,339.2500000,346.0000000,333.4300000,344.9600000,75.507.480
GAZP,D,20211208,000000,346.0000000,348.4700000,336.5300000,340.5000000,78.321.390
GAZP,D,20211209,000000,341.4500000,344.2000000,335.7200000,336.6000000,61.406.510
GAZP,D,20211210,000000,337.0200000,338.3100000,329.9800000,332.0000000,44.642.520
GAZP,D,20211213,000000,333.0900000,334.8800000,305.7600000,307.2600000,140.577.980
GAZP,D,20211214,000000,306.9900000,320.0000000,289.7800000,319.3500000,168.672.960
GAZP,D,20211215,000000,319.6500000,325.8300000,316.5000000,324.0900000,79.742.820
GAZP,D,20211216,000000,326.1800000,332.3000000,325.3800000,328.3900000,95.469.330
GAZP,D,20211217,000000,327.9800000,329.7000000,323.0300000,327.3000000,72.099.410
GAZP,D,20211220,000000,324.0000000,326.0000000,316.1100000,325.9000000,70.795.770
GAZP,D,20211221,000000,326.7500000,339.8800000,326.5000000,339.8800000,80.061.070
GAZP,D,20211222,000000,340.0100000,349.5900000,339.2900000,345.5500000,96.809.420
GAZP,D,20211223,000000,346.1000000,348.3200000,337.0000000,339.8100000,72.129.000
GAZP,D,20211224,000000,339.3000000,340.9800000,334.5500000,338.7900000,39.005.950
GAZP,D,20211227,000000,339.6800000,343.9700000,339.3300000,343.9700000,29.925.890
GAZP,D,20211228,000000,344.0400000,346.6000000,342.5500000,343.2300000,34.848.840
GAZP,D,20211229,000000,343.3000000,344.4800000,337.1300000,340.3300000,43.005.060
GAZP,D,20211230,000000,340.7500000,344.0000000,337.4000000,342.3900000,40.853.240
GAZP,D,20220103,000000,345.0100000,353.8800000,344.3000000,353.7300000,40.057.980
GAZP,D,20220104,000000,353.9900000,358.1000000,348.3500000,352.5500000,52.693.510
GAZP,D,20220105,000000,351.9000000,353.5000000,331.5500000,335.0000000,80.969.440
GAZP,D,20220106,000000,335.8000000,347.6700000,330.1100000,346.1300000,74.572.470
GAZP,D,20220110,000000,348.3300000,351.0000000,340.5100000,344.0000000,51.047.490
GAZP,D,20220111,000000,344.6800000,347.0000000,341.2700000,343.7400000,41.961.140
GAZP,D,20220112,000000,344.1100000,348.6400000,339.5700000,347.4300000,53.443.260
GAZP,D,20220113,000000,347.1100000,347.5000000,333.4900000,337.6000000,118.257.640
GAZP,D,20220114,000000,338.5900000,340.9600000,321.5100000,335.7600000,120.546.960
GAZP,D,20220117,000000,335.9100000,338.9500000,319.1700000,327.8100000,96.925.780
GAZP,D,20220118,000000,329.1500000,329.3000000,296.7000000,301.1100000,220.096.130
GAZP,D,20220119,000000,300.0000000,320.4200000,282.7200000,318.3600000,220.036.310
GAZP,D,20220120,000000,318.3600000,326.6900000,310.0700000,310.4200000,130.261.430
GAZP,D,20220121,000000,309.4900000,321.9900000,303.5000000,311.6000000,119.002.830
GAZP,D,20220124,000000,310.7800000,314.0000000,280.6000000,294.5900000,236.346.280
GAZP,D,20220125,000000,293.9000000,305.0000000,289.6200000,302.9600000,143.155.040
GAZP,D,20220126,000000,302.9000000,307.7000000,293.7000000,299.6000000,125.060.870
GAZP,D,20220127,000000,296.8500000,330.0000000,294.0000000,325.2500000,216.008.170
GAZP,D,20220128,000000,325.5100000,334.9000000,322.0500000,329.5800000,116.166.660
GAZP,D,20220131,000000,330.9200000,336.4100000,330.5200000,334.8000000,69.903.820
GAZP,D,20220201,000000,334.9400000,336.6300000,325.3000000,330.9500000,67.998.200
GAZP,D,20220202,000000,332.3900000,333.7000000,325.7000000,331.7000000,54.751.740
GAZP,D,20220203,000000,329.9900000,331.0000000,322.3000000,323.7500000,57.592.210
GAZP,D,20220204,000000,325.5000000,334.5000000,320.8800000,324.6000000,88.647.300
GAZP,D,20220207,000000,324.5300000,327.4400000,316.6400000,321.2500000,56.290.530
GAZP,D,20220208,000000,321.4500000,331.8700000,319.0000000,331.7000000,77.965.300
GAZP,D,20220209,000000,332.3000000,336.0000000,330.1800000,335.0800000,63.254.680
GAZP,D,20220210,000000,335.4100000,335.4700000,328.1000000,328.9300000,61.929.870
GAZP,D,20220211,000000,328.9500000,328.9500000,316.2000000,318.1000000,100.750.430
GAZP,D,20220214,000000,314.1000000,324.9000000,303.2500000,321.8500000,121.203.060
GAZP,D,20220215,000000,322.5000000,335.5000000,322.4400000,333.6000000,96.875.770
GAZP,D,20220216,000000,335.8600000,339.9800000,331.6200000,336.5000000,77.128.130
GAZP,D,20220217,000000,336.3600000,336.3600000,322.0400000,323.5100000,102.149.710
GAZP,D,20220218,000000,325.6000000,329.3200000,306.7000000,309.4800000,125.452.970
GAZP,D,20220221,000000,309.4700000,318.9000000,241.0000000,257.3000000,413.243.360
GAZP,D,20220222,000000,253.9500000,284.0700000,246.7000000,283.5100000,324.922.990
GAZP,D,20220224,000000,255.0200000,255.0200000,126.5300000,210.0000000,413.550.130
GAZP,D,20220225,000000,208.0100000,244.9400000,191.6000000,228.0000000,211.877.250
GAZP,D,20220324,000000,251.4100000,278.9000000,232.0000000,258.5100000,78.576.580
GAZP,D,20220325,000000,263.9900000,269.3300000,225.6000000,227.0000000,67.191.030
GAZP,D,20220328,000000,225.2500000,229.4500000,213.0300000,218.6000000,24.680.170
GAZP,D,20220329,000000,220.0000000,226.0000000,206.0000000,208.0000000,40.309.120
GAZP,D,20220330,000000,211.0200000,219.4100000,210.5200000,216.0000000,38.559.960
GAZP,D,20220331,000000,218.9800000,249.0000000,217.1000000,242.4800000,83.862.320
GAZP,D,20220401,000000,245.9000000,258.7000000,242.4800000,251.4000000,50.423.650
GAZP,D,20220404,000000,254.0400000,259.9900000,237.3100000,252.9000000,40.926.330
GAZP,D,20220405,000000,254.0100000,256.3900000,231.4500000,243.5000000,39.850.580
GAZP,D,20220406,000000,238.7300000,247.8000000,234.4100000,239.7000000,20.530.890
GAZP,D,20220407,000000,240.0400000,246.8000000,239.1300000,245.0000000,22.367.990
GAZP,D,20220408,000000,246.7900000,246.7900000,240.0000000,241.0700000,14.799.110
GAZP,D,20220411,000000,241.9000000,242.7800000,234.1600000,234.5500000,15.637.750
GAZP,D,20220412,000000,234.0000000,236.6300000,223.0000000,236.3000000,26.615.790
GAZP,D,20220413,000000,237.9900000,239.6400000,232.1300000,234.8700000,12.663.510
GAZP,D,20220414,000000,234.9000000,235.5000000,221.1000000,222.1100000,21.906.730
GAZP,D,20220415,000000,221.9900000,226.6500000,215.7400000,224.0000000,19.933.030
GAZP,D,20220418,000000,224.2900000,226.0000000,216.6000000,216.9900000,15.584.460
GAZP,D,20220419,000000,216.9000000,222.0000000,207.0000000,220.7200000,30.669.110
GAZP,D,20220420,000000,221.4300000,229.8400000,215.6300000,218.9200000,33.569.140
GAZP,D,20220421,000000,220.0300000,221.0000000,210.2900000,210.2900000,24.292.390
GAZP,D,20220422,000000,210.5000000,215.0000000,207.0100000,208.0000000,28.717.940
GAZP,D,20220425,000000,209.9500000,209.9500000,201.1200000,206.3500000,18.767.820
GAZP,D,20220426,000000,207.9700000,229.7400000,206.5400000,225.8500000,46.484.770
GAZP,D,20220427,000000,226.0400000,237.5000000,221.6100000,237.1500000,48.219.530
GAZP,D,20220428,000000,239.4000000,249.0000000,235.5000000,237.5300000,68.889.640
GAZP,D,20220429,000000,238.5800000,245.4300000,238.0000000,240.4000000,43.392.920
GAZP,D,20220504,000000,241.0100000,244.3900000,233.1200000,234.1600000,20.919.150
GAZP,D,20220505,000000,235.5800000,239.4000000,235.0800000,238.6000000,14.781.210
GAZP,D,20220506,000000,238.5000000,242.9200000,235.1000000,240.1000000,17.969.460
GAZP,D,20220511,000000,239.7700000,243.3500000,237.5800000,241.9900000,16.477.840
GAZP,D,20220512,000000,241.8800000,241.8900000,227.2200000,230.5600000,24.397.760
GAZP,D,20220513,000000,232.1200000,237.2000000,229.0200000,235.5200000,17.291.690
GAZP,D,20220516,000000,234.9900000,246.9500000,233.1100000,244.2000000,28.222.680
GAZP,D,20220517,000000,246.0200000,260.0000000,245.3000000,258.8000000,59.981.560
GAZP,D,20220518,000000,261.0200000,269.4200000,261.0000000,264.8400000,51.077.950
GAZP,D,20220519,000000,268.0000000,269.7800000,262.6500000,266.6800000,24.769.920
GAZP,D,20220520,000000,268.4600000,268.9000000,260.4100000,263.0000000,27.534.560
GAZP,D,20220523,000000,265.4400000,273.0000000,263.0000000,263.0000000,30.528.440
GAZP,D,20220524,000000,262.9900000,267.2900000,250.4000000,265.8000000,52.284.340
GAZP,D,20220525,000000,268.4000000,271.6600000,263.8000000,271.4000000,37.448.790
GAZP,D,20220526,000000,273.0000000,298.3100000,245.0000000,295.8900000,146.238.060
GAZP,D,20220527,000000,300.0000000,305.0000000,293.5300000,294.5000000,53.491.660
GAZP,D,20220530,000000,298.6400000,302.0000000,296.2800000,300.8000000,30.751.410
GAZP,D,20220531,000000,301.8700000,302.0000000,293.5100000,293.7500000,19.483.010
GAZP,D,20220601,000000,293.5100000,299.5000000,290.2500000,297.6900000,22.504.010
GAZP,D,20220602,000000,297.7000000,299.3300000,294.9000000,296.0000000,16.674.500
GAZP,D,20220603,000000,296.1000000,297.2400000,291.0000000,297.0000000,18.742.740
GAZP,D,20220606,000000,298.0000000,299.0000000,295.1200000,296.5000000,14.699.600
GAZP,D,20220607,000000,297.3700000,298.6900000,294.5200000,297.9900000,15.656.500
GAZP,D,20220608,000000,298.8000000,309.6000000,298.1600000,308.0000000,40.345.320
GAZP,D,20220609,000000,309.9700000,310.5200000,303.2000000,306.5000000,26.287.360
GAZP,D,20220610,000000,306.4800000,310.9800000,305.0600000,309.2000000,20.321.460
GAZP,D,20220614,000000,308.9800000,322.7700000,307.0000000,317.6900000,47.441.270
GAZP,D,20220615,000000,318.9900000,322.9900000,314.1100000,316.2000000,33.652.300
GAZP,D,20220616,000000,316.5500000,318.2500000,314.5000000,316.9900000,23.466.240
GAZP,D,20220617,000000,317.5800000,317.7000000,313.5000000,315.5000000,13.072.610
GAZP,D,20220620,000000,316.0700000,318.0000000,311.0000000,311.9800000,21.010.920
GAZP,D,20220621,000000,312.3100000,312.8600000,300.7700000,301.5800000,50.618.050
GAZP,D,20220622,000000,300.1000000,301.9100000,294.3600000,295.8000000,48.668.440
GAZP,D,20220623,000000,295.8100000,304.6000000,291.1000000,303.5000000,46.696.840
GAZP,D,20220624,000000,304.1000000,307.4500000,295.5500000,296.0000000,35.835.180
GAZP,D,20220627,000000,296.0000000,299.8000000,295.1000000,296.2000000,22.091.320
GAZP,D,20220628,000000,296.8000000,303.8800000,293.2200000,297.2000000,39.920.600
GAZP,D,20220629,000000,297.9100000,300.7800000,293.8000000,297.6500000,34.110.040
GAZP,D,20220630,000000,299.6000000,310.8200000,200.0000000,207.0000000,307.937.340
GAZP,D,20220701,000000,200.8400000,201.8500000,186.2000000,192.5000000,113.621.040
GAZP,D,20220704,000000,191.9800000,195.4400000,181.2000000,186.2500000,82.829.080
GAZP,D,20220705,000000,186.3000000,199.8700000,185.2000000,197.3000000,75.951.460
GAZP,D,20220706,000000,197.7800000,205.7800000,194.4400000,195.4200000,82.287.890
GAZP,D,20220707,000000,195.4500000,199.4700000,192.3600000,197.9200000,43.640.940
GAZP,D,20220708,000000,200.0100000,201.8700000,196.5700000,198.0000000,28.708.030
GAZP,D,20220711,000000,198.0100000,199.4300000,188.7900000,188.9000000,46.480.130
GAZP,D,20220712,000000,189.1800000,193.0000000,184.0000000,191.4000000,46.422.510
GAZP,D,20220713,000000,191.2000000,194.0000000,185.3000000,186.0000000,33.168.820
GAZP,D,20220714,000000,186.3000000,188.1000000,183.1100000,184.5500000,29.072.130
GAZP,D,20220715,000000,184.7000000,188.9000000,183.2200000,187.6100000,22.991.690
GAZP,D,20220718,000000,188.9100000,189.5000000,185.5200000,186.7000000,16.920.940
GAZP,D,20220719,000000,186.1000000,189.6000000,184.6000000,189.5100000,22.570.310
GAZP,D,20220720,000000,190.0100000,195.8000000,190.0000000,193.3000000,43.995.650
GAZP,D,20220721,000000,194.6500000,195.4500000,188.0000000,189.5900000,27.751.520
GAZP,D,20220722,000000,189.3000000,192.9500000,188.6000000,192.2500000,17.804.370
GAZP,D,20220725,000000,192.6100000,194.6500000,190.5600000,192.0000000,22.091.280
GAZP,D,20220726,000000,192.0000000,194.4900000,191.2000000,193.9500000,19.947.370
GAZP,D,20220727,000000,194.5100000,197.5000000,194.1000000,196.4900000,28.307.100
GAZP,D,20220728,000000,198.0300000,198.7900000,195.0000000,196.2500000,21.848.760
GAZP,D,20220729,000000,196.2000000,196.8000000,193.5000000,195.2600000,14.108.820
GAZP,D,20220801,000000,194.5000000,194.6900000,192.0000000,192.0000000,13.034.930
GAZP,D,20220802,000000,191.5600000,191.6800000,186.8000000,187.1600000,24.267.570
GAZP,D,20220803,000000,187.5900000,188.9700000,186.3100000,187.0400000,12.005.960
GAZP,D,20220804,000000,187.0400000,187.2200000,184.3000000,184.9000000,13.313.950
GAZP,D,20220805,000000,184.7500000,185.6200000,175.7500000,176.5800000,49.069.120
GAZP,D,20220808,000000,180.0000000,181.8200000,177.2500000,177.8600000,32.498.370
GAZP,D,20220809,000000,178.0100000,181.3800000,175.2000000,181.0400000,24.395.270
GAZP,D,20220810,000000,181.0300000,182.3300000,178.5300000,178.8100000,20.411.200
GAZP,D,20220811,000000,179.4700000,180.6300000,173.5100000,174.1000000,26.740.660
GAZP,D,20220812,000000,174.5000000,175.8800000,172.2900000,174.3600000,20.387.000
GAZP,D,20220815,000000,174.0600000,175.5000000,172.4000000,174.8000000,18.459.840
GAZP,D,20220816,000000,175.4000000,181.6100000,174.7000000,181.3000000,33.028.840
GAZP,D,20220817,000000,181.9000000,182.4900000,176.4000000,176.5000000,24.163.520
GAZP,D,20220818,000000,176.4000000,179.3700000,175.5000000,178.8700000,16.013.520
GAZP,D,20220819,000000,178.7800000,178.9000000,176.6000000,177.6000000,9.186.770
GAZP,D,20220822,000000,177.4000000,182.2000000,176.8800000,181.7000000,22.743.510
GAZP,D,20220823,000000,182.2800000,185.8000000,182.1000000,184.3000000,26.881.370
GAZP,D,20220824,000000,184.6900000,186.6600000,182.1900000,182.8300000,17.546.040
GAZP,D,20220825,000000,183.0100000,184.6000000,180.8000000,181.9000000,14.878.330
GAZP,D,20220826,000000,181.8000000,184.2000000,180.5000000,183.6200000,12.987.730
GAZP,D,20220829,000000,183.1400000,190.0000000,182.6500000,190.0000000,30.524.050
GAZP,D,20220830,000000,190.4500000,204.2000000,190.4500000,204.0000000,112.456.600
GAZP,D,20220831,000000,241.8200000,275.9600000,241.8200000,254.9000000,239.153.230
GAZP,D,20220901,000000,258.0000000,259.8500000,247.6200000,249.1100000,83.245.830
GAZP,D,20220902,000000,249.6700000,253.9500000,246.2200000,252.8000000,37.717.530
GAZP,D,20220905,000000,251.0000000,252.1100000,248.5500000,250.0000000,30.105.590
GAZP,D,20220906,000000,249.9900000,250.2000000,241.0000000,246.0000000,51.474.990
GAZP,D,20220907,000000,245.8000000,245.8000000,241.5500000,241.5500000,31.427.210
GAZP,D,20220908,000000,241.5500000,245.3000000,237.8400000,243.9500000,39.048.150
GAZP,D,20220909,000000,244.4100000,247.2000000,242.1600000,245.3400000,27.159.830
GAZP,D,20220912,000000,243.9800000,247.0000000,241.0600000,243.3000000,31.161.380
GAZP,D,20220913,000000,243.9000000,245.2900000,241.8000000,242.6400000,21.615.440
GAZP,D,20220914,000000,242.2900000,243.3900000,240.0000000,243.3200000,19.813.560
GAZP,D,20220915,000000,243.3300000,244.3000000,241.9100000,243.6800000,22.149.890
GAZP,D,20220916,000000,243.6700000,248.2000000,241.8300000,243.8000000,37.338.570
GAZP,D,20220919,000000,243.2000000,245.9100000,242.7100000,244.2100000,21.276.160
GAZP,D,20220920,000000,242.3500000,243.4500000,200.0100000,221.1500000,212.899.230
GAZP,D,20220921,000000,196.4900000,218.7800000,192.0000000,214.0700000,98.217.480
